{
  "variants": {
    "facing=east,half=bottom,shape=straight":  { "model": "multicoloredblocks:greenstair" },
    "facing=west,half=bottom,shape=straight":  { "model": "multicoloredblocks:greenstair", "y": 180, "uvlock": true },
    "facing=south,half=bottom,shape=straight": { "model": "multicoloredblocks:greenstair", "y": 90, "uvlock": true },
    "facing=north,half=bottom,shape=straight": { "model": "multicoloredblocks:greenstair", "y": 270, "uvlock": true },
    "facing=east,half=bottom,shape=outer_right":  { "model": "multicoloredblocks:greenstairouter" },
    "facing=west,half=bottom,shape=outer_right":  { "model": "multicoloredblocks:greenstairouter", "y": 180, "uvlock": true },
    "facing=south,half=bottom,shape=outer_right": { "model": "multicoloredblocks:greenstairouter", "y": 90, "uvlock": true },
    "facing=north,half=bottom,shape=outer_right": { "model": "multicoloredblocks:greenstairouter", "y": 270, "uvlock": true },
    "facing=east,half=bottom,shape=outer_left":  { "model": "multicoloredblocks:greenstairouter", "y": 270, "uvlock": true },
    "facing=west,half=bottom,shape=outer_left":  { "model": "multicoloredblocks:greenstairouter", "y": 90, "uvlock": true },
    "facing=south,half=bottom,shape=outer_left": { "model": "multicoloredblocks:greenstairouter" },
    "facing=north,half=bottom,shape=outer_left": { "model": "multicoloredblocks:greenstairouter", "y": 180, "uvlock": true },
    "facing=east,half=bottom,shape=inner_right":  { "model": "multicoloredblocks:greenstairinner" },
    "facing=west,half=bottom,shape=inner_right":  { "model": "multicoloredblocks:greenstairinner", "y": 180, "uvlock": true },
    "facing=south,half=bottom,shape=inner_right": { "model": "multicoloredblocks:greenstairinner", "y": 90, "uvlock": true },
    "facing=north,half=bottom,shape=inner_right": { "model": "multicoloredblocks:greenstairinner", "y": 270, "uvlock": true },
    "facing=east,half=bottom,shape=inner_left":  { "model": "multicoloredblocks:greenstairinner", "y": 270, "uvlock": true },
    "facing=west,half=bottom,shape=inner_left":  { "model": "multicoloredblocks:greenstairinner", "y": 90, "uvlock": true },
    "facing=south,half=bottom,shape=inner_left": { "model": "multicoloredblocks:greenstairinner" },
    "facing=north,half=bottom,shape=inner_left": { "model": "multicoloredblocks:greenstairinner", "y": 180, "uvlock": true },
    "facing=east,half=top,shape=straight":  { "model": "multicoloredblocks:greenstair", "x": 180, "uvlock": true },
    "facing=west,half=top,shape=straight":  { "model": "multicoloredblocks:greenstair", "x": 180, "y": 180, "uvlock": true },
    "facing=south,half=top,shape=straight": { "model": "multicoloredblocks:greenstair", "x": 180, "y": 90, "uvlock": true },
    "facing=north,half=top,shape=straight": { "model": "multicoloredblocks:greenstair", "x": 180, "y": 270, "uvlock": true },
    "facing=east,half=top,shape=outer_right":  { "model": "multicoloredblocks:greenstairouter", "x": 180, "y": 90, "uvlock": true },
    "facing=west,half=top,shape=outer_right":  { "model": "multicoloredblocks:greenstairouter", "x": 180, "y": 270, "uvlock": true },
    "facing=south,half=top,shape=outer_right": { "model": "multicoloredblocks:greenstairouter", "x": 180, "y": 180, "uvlock": true },
    "facing=north,half=top,shape=outer_right": { "model": "multicoloredblocks:greenstairouter", "x": 180, "uvlock": true },
    "facing=east,half=top,shape=outer_left":  { "model": "multicoloredblocks:greenstairouter", "x": 180, "uvlock": true },
    "facing=west,half=top,shape=outer_left":  { "model": "multicoloredblocks:greenstairouter", "x": 180, "y": 180, "uvlock": true },
    "facing=south,half=top,shape=outer_left": { "model": "multicoloredblocks:greenstairouter", "x": 180, "y": 90, "uvlock": true },
    "facing=north,half=top,shape=outer_left": { "model": "multicoloredblocks:greenstairouter", "x": 180, "y": 270, "uvlock": true },
    "facing=east,half=top,shape=inner_right":  { "model": "multicoloredblocks:greenstairinner", "x": 180, "y": 90, "uvlock": true },
    "facing=west,half=top,shape=inner_right":  { "model": "multicoloredblocks:greenstairinner", "x": 180, "y": 270, "uvlock": true },
    "facing=south,half=top,shape=inner_right": { "model": "multicoloredblocks:greenstairinner", "x": 180, "y": 180, "uvlock": true },
    "facing=north,half=top,shape=inner_right": { "model": "multicoloredblocks:greenstairinner", "x": 180, "uvlock": true },
    "facing=east,half=top,shape=inner_left":  { "model": "multicoloredblocks:greenstairinner", "x": 180, "uvlock": true },
    "facing=west,half=top,shape=inner_left":  { "model": "multicoloredblocks:greenstairinner", "x": 180, "y": 180, "uvlock": true },
    "facing=south,half=top,shape=inner_left": { "model": "multicoloredblocks:greenstairinner", "x": 180, "y": 90, "uvlock": true },
    "facing=north,half=top,shape=inner_left": { "model": "multicoloredblocks:greenstairinner", "x": 180, "y": 270, "uvlock": true }
  }
}
