{
    "variants":
    {
        "facing=east,half=lower,hinge=left,open=false,powered=true":  { "model": "multicoloredblocks:bluedoorbottom" },
        "facing=south,half=lower,hinge=left,open=false,powered=true": { "model": "multicoloredblocks:bluedoorbottom", "y": 90 },
        "facing=west,half=lower,hinge=left,open=false,powered=true":  { "model": "multicoloredblocks:bluedoorbottom", "y": 180 },
        "facing=north,half=lower,hinge=left,open=false,powered=true": { "model": "multicoloredblocks:bluedoorbottom", "y": 270 },
        "facing=east,half=lower,hinge=right,open=false,powered=true":  { "model": "multicoloredblocks:bluedoorbottomrh" },
        "facing=south,half=lower,hinge=right,open=false,powered=true": { "model": "multicoloredblocks:bluedoorbottomrh", "y": 90 },
        "facing=west,half=lower,hinge=right,open=false,powered=true":  { "model": "multicoloredblocks:bluedoorbottomrh", "y": 180 },
        "facing=north,half=lower,hinge=right,open=false,powered=true": { "model": "multicoloredblocks:bluedoorbottomrh", "y": 270 },
        "facing=east,half=lower,hinge=left,open=true,powered=true":  { "model": "multicoloredblocks:bluedoorbottomrh", "y": 90 },
        "facing=south,half=lower,hinge=left,open=true,powered=true": { "model": "multicoloredblocks:bluedoorbottomrh", "y": 180 },
        "facing=west,half=lower,hinge=left,open=true,powered=true":  { "model": "multicoloredblocks:bluedoorbottomrh", "y": 270 },
        "facing=north,half=lower,hinge=left,open=true,powered=true": { "model": "multicoloredblocks:bluedoorbottomrh" },
        "facing=east,half=lower,hinge=right,open=true,powered=true":  { "model": "multicoloredblocks:bluedoorbottom", "y": 270 },
        "facing=south,half=lower,hinge=right,open=true,powered=true": { "model": "multicoloredblocks:bluedoorbottom" },
        "facing=west,half=lower,hinge=right,open=true,powered=true":  { "model": "multicoloredblocks:bluedoorbottom", "y": 90 },
        "facing=north,half=lower,hinge=right,open=true,powered=true": { "model": "multicoloredblocks:bluedoorbottom", "y": 180 },
        "facing=east,half=upper,hinge=left,open=false,powered=true":  { "model": "multicoloredblocks:bluedoortop" },
        "facing=south,half=upper,hinge=left,open=false,powered=true": { "model": "multicoloredblocks:bluedoortop", "y": 90 },
        "facing=west,half=upper,hinge=left,open=false,powered=true":  { "model": "multicoloredblocks:bluedoortop", "y": 180 },
        "facing=north,half=upper,hinge=left,open=false,powered=true": { "model": "multicoloredblocks:bluedoortop", "y": 270 },
        "facing=east,half=upper,hinge=right,open=false,powered=true":  { "model": "multicoloredblocks:bluedoortoprh" },
        "facing=south,half=upper,hinge=right,open=false,powered=true": { "model": "multicoloredblocks:bluedoortoprh", "y": 90 },
        "facing=west,half=upper,hinge=right,open=false,powered=true":  { "model": "multicoloredblocks:bluedoortoprh", "y": 180 },
        "facing=north,half=upper,hinge=right,open=false,powered=true": { "model": "multicoloredblocks:bluedoortoprh", "y": 270 },
        "facing=east,half=upper,hinge=left,open=true,powered=true":  { "model": "multicoloredblocks:bluedoortoprh", "y": 90 },
        "facing=south,half=upper,hinge=left,open=true,powered=true": { "model": "multicoloredblocks:bluedoortoprh", "y": 180 },
        "facing=west,half=upper,hinge=left,open=true,powered=true":  { "model": "multicoloredblocks:bluedoortoprh", "y": 270 },
        "facing=north,half=upper,hinge=left,open=true,powered=true": { "model": "multicoloredblocks:bluedoortoprh" },
        "facing=east,half=upper,hinge=right,open=true,powered=true":  { "model": "multicoloredblocks:bluedoortop", "y": 270 },
        "facing=south,half=upper,hinge=right,open=true,powered=true": { "model": "multicoloredblocks:bluedoortop" },
        "facing=west,half=upper,hinge=right,open=true,powered=true":  { "model": "multicoloredblocks:bluedoortop", "y": 90 },
        "facing=north,half=upper,hinge=right,open=true,powered=true": { "model": "multicoloredblocks:bluedoortop", "y": 180 },
        "facing=east,half=lower,hinge=left,open=false,powered=false":  { "model": "multicoloredblocks:bluedoorbottom" },
        "facing=south,half=lower,hinge=left,open=false,powered=false": { "model": "multicoloredblocks:bluedoorbottom", "y": 90 },
        "facing=west,half=lower,hinge=left,open=false,powered=false":  { "model": "multicoloredblocks:bluedoorbottom", "y": 180 },
        "facing=north,half=lower,hinge=left,open=false,powered=false": { "model": "multicoloredblocks:bluedoorbottom", "y": 270 },
        "facing=east,half=lower,hinge=right,open=false,powered=false":  { "model": "multicoloredblocks:bluedoorbottomrh" },
        "facing=south,half=lower,hinge=right,open=false,powered=false": { "model": "multicoloredblocks:bluedoorbottomrh", "y": 90 },
        "facing=west,half=lower,hinge=right,open=false,powered=false":  { "model": "multicoloredblocks:bluedoorbottomrh", "y": 180 },
        "facing=north,half=lower,hinge=right,open=false,powered=false": { "model": "multicoloredblocks:bluedoorbottomrh", "y": 270 },
        "facing=east,half=lower,hinge=left,open=true,powered=false":  { "model": "multicoloredblocks:bluedoorbottomrh", "y": 90 },
        "facing=south,half=lower,hinge=left,open=true,powered=false": { "model": "multicoloredblocks:bluedoorbottomrh", "y": 180 },
        "facing=west,half=lower,hinge=left,open=true,powered=false":  { "model": "multicoloredblocks:bluedoorbottomrh", "y": 270 },
        "facing=north,half=lower,hinge=left,open=true,powered=false": { "model": "multicoloredblocks:bluedoorbottomrh" },
        "facing=east,half=lower,hinge=right,open=true,powered=false":  { "model": "multicoloredblocks:bluedoorbottom", "y": 270 },
        "facing=south,half=lower,hinge=right,open=true,powered=false": { "model": "multicoloredblocks:bluedoorbottom" },
        "facing=west,half=lower,hinge=right,open=true,powered=false":  { "model": "multicoloredblocks:bluedoorbottom", "y": 90 },
        "facing=north,half=lower,hinge=right,open=true,powered=false": { "model": "multicoloredblocks:bluedoorbottom", "y": 180 },
        "facing=east,half=upper,hinge=left,open=false,powered=false":  { "model": "multicoloredblocks:bluedoortop" },
        "facing=south,half=upper,hinge=left,open=false,powered=false": { "model": "multicoloredblocks:bluedoortop", "y": 90 },
        "facing=west,half=upper,hinge=left,open=false,powered=false":  { "model": "multicoloredblocks:bluedoortop", "y": 180 },
        "facing=north,half=upper,hinge=left,open=false,powered=false": { "model": "multicoloredblocks:bluedoortop", "y": 270 },
        "facing=east,half=upper,hinge=right,open=false,powered=false":  { "model": "multicoloredblocks:bluedoortoprh" },
        "facing=south,half=upper,hinge=right,open=false,powered=false": { "model": "multicoloredblocks:bluedoortoprh", "y": 90 },
        "facing=west,half=upper,hinge=right,open=false,powered=false":  { "model": "multicoloredblocks:bluedoortoprh", "y": 180 },
        "facing=north,half=upper,hinge=right,open=false,powered=false": { "model": "multicoloredblocks:bluedoortoprh", "y": 270 },
        "facing=east,half=upper,hinge=left,open=true,powered=false":  { "model": "multicoloredblocks:bluedoortoprh", "y": 90 },
        "facing=south,half=upper,hinge=left,open=true,powered=false": { "model": "multicoloredblocks:bluedoortoprh", "y": 180 },
        "facing=west,half=upper,hinge=left,open=true,powered=false":  { "model": "multicoloredblocks:bluedoortoprh", "y": 270 },
        "facing=north,half=upper,hinge=left,open=true,powered=false": { "model": "multicoloredblocks:bluedoortoprh" },
        "facing=east,half=upper,hinge=right,open=true,powered=false":  { "model": "multicoloredblocks:bluedoortop", "y": 270 },
        "facing=south,half=upper,hinge=right,open=true,powered=false": { "model": "multicoloredblocks:bluedoortop" },
        "facing=west,half=upper,hinge=right,open=true,powered=false":  { "model": "multicoloredblocks:bluedoortop", "y": 90 },
        "facing=north,half=upper,hinge=right,open=true,powered=false": { "model": "multicoloredblocks:bluedoortop", "y": 180 }
    }
}
