{
    "variants":
    {
        "facing=east,half=lower,hinge=left,open=false,powered=true":  { "model": "multicoloredblocks:greendoorbottom" },
        "facing=south,half=lower,hinge=left,open=false,powered=true": { "model": "multicoloredblocks:greendoorbottom", "y": 90 },
        "facing=west,half=lower,hinge=left,open=false,powered=true":  { "model": "multicoloredblocks:greendoorbottom", "y": 180 },
        "facing=north,half=lower,hinge=left,open=false,powered=true": { "model": "multicoloredblocks:greendoorbottom", "y": 270 },
        "facing=east,half=lower,hinge=right,open=false,powered=true":  { "model": "multicoloredblocks:greendoorbottomrh" },
        "facing=south,half=lower,hinge=right,open=false,powered=true": { "model": "multicoloredblocks:greendoorbottomrh", "y": 90 },
        "facing=west,half=lower,hinge=right,open=false,powered=true":  { "model": "multicoloredblocks:greendoorbottomrh", "y": 180 },
        "facing=north,half=lower,hinge=right,open=false,powered=true": { "model": "multicoloredblocks:greendoorbottomrh", "y": 270 },
        "facing=east,half=lower,hinge=left,open=true,powered=true":  { "model": "multicoloredblocks:greendoorbottomrh", "y": 90 },
        "facing=south,half=lower,hinge=left,open=true,powered=true": { "model": "multicoloredblocks:greendoorbottomrh", "y": 180 },
        "facing=west,half=lower,hinge=left,open=true,powered=true":  { "model": "multicoloredblocks:greendoorbottomrh", "y": 270 },
        "facing=north,half=lower,hinge=left,open=true,powered=true": { "model": "multicoloredblocks:greendoorbottomrh" },
        "facing=east,half=lower,hinge=right,open=true,powered=true":  { "model": "multicoloredblocks:greendoorbottom", "y": 270 },
        "facing=south,half=lower,hinge=right,open=true,powered=true": { "model": "multicoloredblocks:greendoorbottom" },
        "facing=west,half=lower,hinge=right,open=true,powered=true":  { "model": "multicoloredblocks:greendoorbottom", "y": 90 },
        "facing=north,half=lower,hinge=right,open=true,powered=true": { "model": "multicoloredblocks:greendoorbottom", "y": 180 },
        "facing=east,half=upper,hinge=left,open=false,powered=true":  { "model": "multicoloredblocks:greendoorbottom" },
        "facing=south,half=upper,hinge=left,open=false,powered=true": { "model": "multicoloredblocks:greendoortop", "y": 90 },
        "facing=west,half=upper,hinge=left,open=false,powered=true":  { "model": "multicoloredblocks:greendoortop", "y": 180 },
        "facing=north,half=upper,hinge=left,open=false,powered=true": { "model": "multicoloredblocks:greendoortop", "y": 270 },
        "facing=east,half=upper,hinge=right,open=false,powered=true":  { "model": "multicoloredblocks:greendoortoprh" },
        "facing=south,half=upper,hinge=right,open=false,powered=true": { "model": "multicoloredblocks:greendoortoprh", "y": 90 },
        "facing=west,half=upper,hinge=right,open=false,powered=true":  { "model": "multicoloredblocks:greendoortoprh", "y": 180 },
        "facing=north,half=upper,hinge=right,open=false,powered=true": { "model": "multicoloredblocks:greendoortoprh", "y": 270 },
        "facing=east,half=upper,hinge=left,open=true,powered=true":  { "model": "multicoloredblocks:greendoortoprh", "y": 90 },
        "facing=south,half=upper,hinge=left,open=true,powered=true": { "model": "multicoloredblocks:greendoortoprh", "y": 180 },
        "facing=west,half=upper,hinge=left,open=true,powered=true":  { "model": "multicoloredblocks:greendoortoprh", "y": 270 },
        "facing=north,half=upper,hinge=left,open=true,powered=true": { "model": "multicoloredblocks:greendoortoprh" },
        "facing=east,half=upper,hinge=right,open=true,powered=true":  { "model": "multicoloredblocks:greendoortop", "y": 270 },
        "facing=south,half=upper,hinge=right,open=true,powered=true": { "model": "multicoloredblocks:greendoortop" },
        "facing=west,half=upper,hinge=right,open=true,powered=true":  { "model": "multicoloredblocks:greendoortop", "y": 90 },
        "facing=north,half=upper,hinge=right,open=true,powered=true": { "model": "multicoloredblocks:greendoortop", "y": 180 },
        "facing=east,half=lower,hinge=left,open=false,powered=false":  { "model": "multicoloredblocks:greendoorbottom" },
        "facing=south,half=lower,hinge=left,open=false,powered=false": { "model": "multicoloredblocks:greendoorbottom", "y": 90 },
        "facing=west,half=lower,hinge=left,open=false,powered=false":  { "model": "multicoloredblocks:greendoorbottom", "y": 180 },
        "facing=north,half=lower,hinge=left,open=false,powered=false": { "model": "multicoloredblocks:greendoorbottom", "y": 270 },
        "facing=east,half=lower,hinge=right,open=false,powered=false":  { "model": "multicoloredblocks:greendoorbottomrh" },
        "facing=south,half=lower,hinge=right,open=false,powered=false": { "model": "multicoloredblocks:greendoorbottomrh", "y": 90 },
        "facing=west,half=lower,hinge=right,open=false,powered=false":  { "model": "multicoloredblocks:greendoorbottomrh", "y": 180 },
        "facing=north,half=lower,hinge=right,open=false,powered=false": { "model": "multicoloredblocks:greendoorbottomrh", "y": 270 },
        "facing=east,half=lower,hinge=left,open=true,powered=false":  { "model": "multicoloredblocks:greendoorbottomrh", "y": 90 },
        "facing=south,half=lower,hinge=left,open=true,powered=false": { "model": "multicoloredblocks:greendoorbottomrh", "y": 180 },
        "facing=west,half=lower,hinge=left,open=true,powered=false":  { "model": "multicoloredblocks:greendoorbottomrh", "y": 270 },
        "facing=north,half=lower,hinge=left,open=true,powered=false": { "model": "multicoloredblocks:greendoorbottomrh" },
        "facing=east,half=lower,hinge=right,open=true,powered=false":  { "model": "multicoloredblocks:greendoorbottom", "y": 270 },
        "facing=south,half=lower,hinge=right,open=true,powered=false": { "model": "multicoloredblocks:greendoorbottom" },
        "facing=west,half=lower,hinge=right,open=true,powered=false":  { "model": "multicoloredblocks:greendoorbottom", "y": 90 },
        "facing=north,half=lower,hinge=right,open=true,powered=false": { "model": "multicoloredblocks:greendoorbottom", "y": 180 },
        "facing=east,half=upper,hinge=left,open=false,powered=false":  { "model": "multicoloredblocks:greendoortop" },
        "facing=south,half=upper,hinge=left,open=false,powered=false": { "model": "multicoloredblocks:greendoortop", "y": 90 },
        "facing=west,half=upper,hinge=left,open=false,powered=false":  { "model": "multicoloredblocks:greendoortop", "y": 180 },
        "facing=north,half=upper,hinge=left,open=false,powered=false": { "model": "multicoloredblocks:greendoortop", "y": 270 },
        "facing=east,half=upper,hinge=right,open=false,powered=false":  { "model": "multicoloredblocks:greendoortoprh" },
        "facing=south,half=upper,hinge=right,open=false,powered=false": { "model": "multicoloredblocks:greendoortoprh", "y": 90 },
        "facing=west,half=upper,hinge=right,open=false,powered=false":  { "model": "multicoloredblocks:greendoortoprh", "y": 180 },
        "facing=north,half=upper,hinge=right,open=false,powered=false": { "model": "multicoloredblocks:greendoortoprh", "y": 270 },
        "facing=east,half=upper,hinge=left,open=true,powered=false":  { "model": "multicoloredblocks:greendoortoprh", "y": 90 },
        "facing=south,half=upper,hinge=left,open=true,powered=false": { "model": "multicoloredblocks:greendoortoprh", "y": 180 },
        "facing=west,half=upper,hinge=left,open=true,powered=false":  { "model": "multicoloredblocks:greendoortoprh", "y": 270 },
        "facing=north,half=upper,hinge=left,open=true,powered=false": { "model": "multicoloredblocks:greendoortoprh" },
        "facing=east,half=upper,hinge=right,open=true,powered=false":  { "model": "multicoloredblocks:greendoortop", "y": 270 },
        "facing=south,half=upper,hinge=right,open=true,powered=false": { "model": "multicoloredblocks:greendoortop" },
        "facing=west,half=upper,hinge=right,open=true,powered=false":  { "model": "multicoloredblocks:greendoortop", "y": 90 },
        "facing=north,half=upper,hinge=right,open=true,powered=false": { "model": "multicoloredblocks:greendoortop", "y": 180 }
    }
}
