{
  "variants": {
    "facing=east,half=bottom,shape=straight":  { "model": "multicoloredblocks:yellowstair" },
    "facing=west,half=bottom,shape=straight":  { "model": "multicoloredblocks:yellowstair", "y": 180, "uvlock": true },
    "facing=south,half=bottom,shape=straight": { "model": "multicoloredblocks:yellowstair", "y": 90, "uvlock": true },
    "facing=north,half=bottom,shape=straight": { "model": "multicoloredblocks:yellowstair", "y": 270, "uvlock": true },
    "facing=east,half=bottom,shape=outer_right":  { "model": "multicoloredblocks:yellowstairouter" },
    "facing=west,half=bottom,shape=outer_right":  { "model": "multicoloredblocks:yellowstairouter", "y": 180, "uvlock": true },
    "facing=south,half=bottom,shape=outer_right": { "model": "multicoloredblocks:yellowstairouter", "y": 90, "uvlock": true },
    "facing=north,half=bottom,shape=outer_right": { "model": "multicoloredblocks:yellowstairouter", "y": 270, "uvlock": true },
    "facing=east,half=bottom,shape=outer_left":  { "model": "multicoloredblocks:yellowstairouter", "y": 270, "uvlock": true },
    "facing=west,half=bottom,shape=outer_left":  { "model": "multicoloredblocks:yellowstairouter", "y": 90, "uvlock": true },
    "facing=south,half=bottom,shape=outer_left": { "model": "multicoloredblocks:yellowstairouter" },
    "facing=north,half=bottom,shape=outer_left": { "model": "multicoloredblocks:yellowstairouter", "y": 180, "uvlock": true },
    "facing=east,half=bottom,shape=inner_right":  { "model": "multicoloredblocks:yellowstairinner" },
    "facing=west,half=bottom,shape=inner_right":  { "model": "multicoloredblocks:yellowstairinner", "y": 180, "uvlock": true },
    "facing=south,half=bottom,shape=inner_right": { "model": "multicoloredblocks:yellowstairinner", "y": 90, "uvlock": true },
    "facing=north,half=bottom,shape=inner_right": { "model": "multicoloredblocks:yellowstairinner", "y": 270, "uvlock": true },
    "facing=east,half=bottom,shape=inner_left":  { "model": "multicoloredblocks:yellowstairinner", "y": 270, "uvlock": true },
    "facing=west,half=bottom,shape=inner_left":  { "model": "multicoloredblocks:yellowstairinner", "y": 90, "uvlock": true },
    "facing=south,half=bottom,shape=inner_left": { "model": "multicoloredblocks:yellowstairinner" },
    "facing=north,half=bottom,shape=inner_left": { "model": "multicoloredblocks:yellowstairinner", "y": 180, "uvlock": true },
    "facing=east,half=top,shape=straight":  { "model": "multicoloredblocks:yellowstair", "x": 180, "uvlock": true },
    "facing=west,half=top,shape=straight":  { "model": "multicoloredblocks:yellowstair", "x": 180, "y": 180, "uvlock": true },
    "facing=south,half=top,shape=straight": { "model": "multicoloredblocks:yellowstair", "x": 180, "y": 90, "uvlock": true },
    "facing=north,half=top,shape=straight": { "model": "multicoloredblocks:yellowstair", "x": 180, "y": 270, "uvlock": true },
    "facing=east,half=top,shape=outer_right":  { "model": "multicoloredblocks:yellowstairouter", "x": 180, "y": 90, "uvlock": true },
    "facing=west,half=top,shape=outer_right":  { "model": "multicoloredblocks:yellowstairouter", "x": 180, "y": 270, "uvlock": true },
    "facing=south,half=top,shape=outer_right": { "model": "multicoloredblocks:yellowstairouter", "x": 180, "y": 180, "uvlock": true },
    "facing=north,half=top,shape=outer_right": { "model": "multicoloredblocks:yellowstairouter", "x": 180, "uvlock": true },
    "facing=east,half=top,shape=outer_left":  { "model": "multicoloredblocks:yellowstairouter", "x": 180, "uvlock": true },
    "facing=west,half=top,shape=outer_left":  { "model": "multicoloredblocks:yellowstairouter", "x": 180, "y": 180, "uvlock": true },
    "facing=south,half=top,shape=outer_left": { "model": "multicoloredblocks:yellowstairouter", "x": 180, "y": 90, "uvlock": true },
    "facing=north,half=top,shape=outer_left": { "model": "multicoloredblocks:yellowstairouter", "x": 180, "y": 270, "uvlock": true },
    "facing=east,half=top,shape=inner_right":  { "model": "multicoloredblocks:yellowstairinner", "x": 180, "y": 90, "uvlock": true },
    "facing=west,half=top,shape=inner_right":  { "model": "multicoloredblocks:yellowstairinner", "x": 180, "y": 270, "uvlock": true },
    "facing=south,half=top,shape=inner_right": { "model": "multicoloredblocks:yellowstairinner", "x": 180, "y": 180, "uvlock": true },
    "facing=north,half=top,shape=inner_right": { "model": "multicoloredblocks:yellowstairinner", "x": 180, "uvlock": true },
    "facing=east,half=top,shape=inner_left":  { "model": "multicoloredblocks:yellowstairinner", "x": 180, "uvlock": true },
    "facing=west,half=top,shape=inner_left":  { "model": "multicoloredblocks:yellowstairinner", "x": 180, "y": 180, "uvlock": true },
    "facing=south,half=top,shape=inner_left": { "model": "multicoloredblocks:yellowstairinner", "x": 180, "y": 90, "uvlock": true },
    "facing=north,half=top,shape=inner_left": { "model": "multicoloredblocks:yellowstairinner", "x": 180, "y": 270, "uvlock": true }
  }
}
