{
    "variants":
    {
        "facing=east,half=lower,hinge=left,open=false,powered=true":  { "model": "multicoloredblocks:orangedoorbottom" },
        "facing=south,half=lower,hinge=left,open=false,powered=true": { "model": "multicoloredblocks:orangedoorbottom", "y": 90 },
        "facing=west,half=lower,hinge=left,open=false,powered=true":  { "model": "multicoloredblocks:orangedoorbottom", "y": 180 },
        "facing=north,half=lower,hinge=left,open=false,powered=true": { "model": "multicoloredblocks:orangedoorbottom", "y": 270 },
        "facing=east,half=lower,hinge=right,open=false,powered=true":  { "model": "multicoloredblocks:orangedoorbottomrh" },
        "facing=south,half=lower,hinge=right,open=false,powered=true": { "model": "multicoloredblocks:orangedoorbottomrh", "y": 90 },
        "facing=west,half=lower,hinge=right,open=false,powered=true":  { "model": "multicoloredblocks:orangedoorbottomrh", "y": 180 },
        "facing=north,half=lower,hinge=right,open=false,powered=true": { "model": "multicoloredblocks:orangedoorbottomrh", "y": 270 },
        "facing=east,half=lower,hinge=left,open=true,powered=true":  { "model": "multicoloredblocks:orangedoorbottomrh", "y": 90 },
        "facing=south,half=lower,hinge=left,open=true,powered=true": { "model": "multicoloredblocks:orangedoorbottomrh", "y": 180 },
        "facing=west,half=lower,hinge=left,open=true,powered=true":  { "model": "multicoloredblocks:orangedoorbottomrh", "y": 270 },
        "facing=north,half=lower,hinge=left,open=true,powered=true": { "model": "multicoloredblocks:orangedoorbottomrh" },
        "facing=east,half=lower,hinge=right,open=true,powered=true":  { "model": "multicoloredblocks:orangedoorbottom", "y": 270 },
        "facing=south,half=lower,hinge=right,open=true,powered=true": { "model": "multicoloredblocks:orangedoorbottom" },
        "facing=west,half=lower,hinge=right,open=true,powered=true":  { "model": "multicoloredblocks:orangedoorbottom", "y": 90 },
        "facing=north,half=lower,hinge=right,open=true,powered=true": { "model": "multicoloredblocks:orangedoorbottom", "y": 180 },
        "facing=east,half=upper,hinge=left,open=false,powered=true":  { "model": "multicoloredblocks:orangedoortop" },
        "facing=south,half=upper,hinge=left,open=false,powered=true": { "model": "multicoloredblocks:orangedoortop", "y": 90 },
        "facing=west,half=upper,hinge=left,open=false,powered=true":  { "model": "multicoloredblocks:orangedoortop", "y": 180 },
        "facing=north,half=upper,hinge=left,open=false,powered=true": { "model": "multicoloredblocks:orangedoortop", "y": 270 },
        "facing=east,half=upper,hinge=right,open=false,powered=true":  { "model": "multicoloredblocks:orangedoortoprh" },
        "facing=south,half=upper,hinge=right,open=false,powered=true": { "model": "multicoloredblocks:orangedoortoprh", "y": 90 },
        "facing=west,half=upper,hinge=right,open=false,powered=true":  { "model": "multicoloredblocks:orangedoortoprh", "y": 180 },
        "facing=north,half=upper,hinge=right,open=false,powered=true": { "model": "multicoloredblocks:orangedoortoprh", "y": 270 },
        "facing=east,half=upper,hinge=left,open=true,powered=true":  { "model": "multicoloredblocks:orangedoortoprh", "y": 90 },
        "facing=south,half=upper,hinge=left,open=true,powered=true": { "model": "multicoloredblocks:orangedoortoprh", "y": 180 },
        "facing=west,half=upper,hinge=left,open=true,powered=true":  { "model": "multicoloredblocks:orangedoortoprh", "y": 270 },
        "facing=north,half=upper,hinge=left,open=true,powered=true": { "model": "multicoloredblocks:orangedoortoprh" },
        "facing=east,half=upper,hinge=right,open=true,powered=true":  { "model": "multicoloredblocks:orangedoortop", "y": 270 },
        "facing=south,half=upper,hinge=right,open=true,powered=true": { "model": "multicoloredblocks:orangedoortop" },
        "facing=west,half=upper,hinge=right,open=true,powered=true":  { "model": "multicoloredblocks:orangedoortop", "y": 90 },
        "facing=north,half=upper,hinge=right,open=true,powered=true": { "model": "multicoloredblocks:orangedoortop", "y": 180 },
        "facing=east,half=lower,hinge=left,open=false,powered=false":  { "model": "multicoloredblocks:orangedoorbottom" },
        "facing=south,half=lower,hinge=left,open=false,powered=false": { "model": "multicoloredblocks:orangedoorbottom", "y": 90 },
        "facing=west,half=lower,hinge=left,open=false,powered=false":  { "model": "multicoloredblocks:orangedoorbottom", "y": 180 },
        "facing=north,half=lower,hinge=left,open=false,powered=false": { "model": "multicoloredblocks:orangedoorbottom", "y": 270 },
        "facing=east,half=lower,hinge=right,open=false,powered=false":  { "model": "multicoloredblocks:orangedoorbottomrh" },
        "facing=south,half=lower,hinge=right,open=false,powered=false": { "model": "multicoloredblocks:orangedoorbottomrh", "y": 90 },
        "facing=west,half=lower,hinge=right,open=false,powered=false":  { "model": "multicoloredblocks:orangedoorbottomrh", "y": 180 },
        "facing=north,half=lower,hinge=right,open=false,powered=false": { "model": "multicoloredblocks:orangedoorbottomrh", "y": 270 },
        "facing=east,half=lower,hinge=left,open=true,powered=false":  { "model": "multicoloredblocks:orangedoorbottomrh", "y": 90 },
        "facing=south,half=lower,hinge=left,open=true,powered=false": { "model": "multicoloredblocks:orangedoorbottomrh", "y": 180 },
        "facing=west,half=lower,hinge=left,open=true,powered=false":  { "model": "multicoloredblocks:orangedoorbottomrh", "y": 270 },
        "facing=north,half=lower,hinge=left,open=true,powered=false": { "model": "multicoloredblocks:orangedoorbottomrh" },
        "facing=east,half=lower,hinge=right,open=true,powered=false":  { "model": "multicoloredblocks:orangedoorbottom", "y": 270 },
        "facing=south,half=lower,hinge=right,open=true,powered=false": { "model": "multicoloredblocks:orangedoorbottom" },
        "facing=west,half=lower,hinge=right,open=true,powered=false":  { "model": "multicoloredblocks:orangedoorbottom", "y": 90 },
        "facing=north,half=lower,hinge=right,open=true,powered=false": { "model": "multicoloredblocks:orangedoorbottom", "y": 180 },
        "facing=east,half=upper,hinge=left,open=false,powered=false":  { "model": "multicoloredblocks:orangedoortop" },
        "facing=south,half=upper,hinge=left,open=false,powered=false": { "model": "multicoloredblocks:orangedoortop", "y": 90 },
        "facing=west,half=upper,hinge=left,open=false,powered=false":  { "model": "multicoloredblocks:orangedoortop", "y": 180 },
        "facing=north,half=upper,hinge=left,open=false,powered=false": { "model": "multicoloredblocks:orangedoortop", "y": 270 },
        "facing=east,half=upper,hinge=right,open=false,powered=false":  { "model": "multicoloredblocks:orangedoortoprh" },
        "facing=south,half=upper,hinge=right,open=false,powered=false": { "model": "multicoloredblocks:orangedoortoprh", "y": 90 },
        "facing=west,half=upper,hinge=right,open=false,powered=false":  { "model": "multicoloredblocks:orangedoortoprh", "y": 180 },
        "facing=north,half=upper,hinge=right,open=false,powered=false": { "model": "multicoloredblocks:orangedoortoprh", "y": 270 },
        "facing=east,half=upper,hinge=left,open=true,powered=false":  { "model": "multicoloredblocks:orangedoortoprh", "y": 90 },
        "facing=south,half=upper,hinge=left,open=true,powered=false": { "model": "multicoloredblocks:orangedoortoprh", "y": 180 },
        "facing=west,half=upper,hinge=left,open=true,powered=false":  { "model": "multicoloredblocks:orangedoortoprh", "y": 270 },
        "facing=north,half=upper,hinge=left,open=true,powered=false": { "model": "multicoloredblocks:orangedoortoprh" },
        "facing=east,half=upper,hinge=right,open=true,powered=false":  { "model": "multicoloredblocks:orangedoortop", "y": 270 },
        "facing=south,half=upper,hinge=right,open=true,powered=false": { "model": "multicoloredblocks:orangedoortop" },
        "facing=west,half=upper,hinge=right,open=true,powered=false":  { "model": "multicoloredblocks:orangedoortop", "y": 90 },
        "facing=north,half=upper,hinge=right,open=true,powered=false": { "model": "multicoloredblocks:orangedoortop", "y": 180 }
    }
}
