{
    "variants": {
        "facing=north,half=bottom,open=false": { "model": "multicoloredblocks:orangetrapdoorbottom" },
        "facing=south,half=bottom,open=false": { "model": "multicoloredblocks:orangetrapdoorbottom" },
        "facing=east,half=bottom,open=false": { "model": "multicoloredblocks:orangetrapdoorbottom" },
        "facing=west,half=bottom,open=false": { "model": "multicoloredblocks:orangetrapdoorbottom" },
        "facing=north,half=top,open=false": { "model": "multicoloredblocks:orangetrapdoortop" },
        "facing=south,half=top,open=false": { "model": "multicoloredblocks:orangetrapdoortop" },
        "facing=east,half=top,open=false": { "model": "multicoloredblocks:orangetrapdoortop" },
        "facing=west,half=top,open=false": { "model": "multicoloredblocks:orangetrapdoortop" },
        "facing=north,half=bottom,open=true": { "model": "multicoloredblocks:orangetrapdooropen" },
        "facing=south,half=bottom,open=true": { "model": "multicoloredblocks:orangetrapdooropen", "y": 180 },
        "facing=east,half=bottom,open=true": { "model": "multicoloredblocks:orangetrapdooropen", "y": 90 },
        "facing=west,half=bottom,open=true": { "model": "multicoloredblocks:orangetrapdooropen", "y": 270 },
        "facing=north,half=top,open=true": { "model": "multicoloredblocks:orangetrapdooropen" },
        "facing=south,half=top,open=true": { "model": "multicoloredblocks:orangetrapdooropen", "y": 180 },
        "facing=east,half=top,open=true": { "model": "multicoloredblocks:orangetrapdooropen", "y": 90 },
        "facing=west,half=top,open=true": { "model": "multicoloredblocks:orangetrapdooropen", "y": 270 }
    }
}
