{
    "variants": {
        "facing=north,half=bottom,open=false": { "model": "multicoloredblocks:yellowtrapdoorbottom" },
        "facing=south,half=bottom,open=false": { "model": "multicoloredblocks:yellowtrapdoorbottom" },
        "facing=east,half=bottom,open=false": { "model": "multicoloredblocks:yellowtrapdoorbottom" },
        "facing=west,half=bottom,open=false": { "model": "multicoloredblocks:yellowtrapdoorbottom" },
        "facing=north,half=top,open=false": { "model": "multicoloredblocks:yellowtrapdoortop" },
        "facing=south,half=top,open=false": { "model": "multicoloredblocks:yellowtrapdoortop" },
        "facing=east,half=top,open=false": { "model": "multicoloredblocks:yellowtrapdoortop" },
        "facing=west,half=top,open=false": { "model": "multicoloredblocks:yellowtrapdoortop" },
        "facing=north,half=bottom,open=true": { "model": "multicoloredblocks:yellowtrapdooropen" },
        "facing=south,half=bottom,open=true": { "model": "multicoloredblocks:yellowtrapdooropen", "y": 180 },
        "facing=east,half=bottom,open=true": { "model": "multicoloredblocks:yellowtrapdooropen", "y": 90 },
        "facing=west,half=bottom,open=true": { "model": "multicoloredblocks:yellowtrapdooropen", "y": 270 },
        "facing=north,half=top,open=true": { "model": "multicoloredblocks:yellowtrapdooropen" },
        "facing=south,half=top,open=true": { "model": "multicoloredblocks:yellowtrapdooropen", "y": 180 },
        "facing=east,half=top,open=true": { "model": "multicoloredblocks:yellowtrapdooropen", "y": 90 },
        "facing=west,half=top,open=true": { "model": "multicoloredblocks:yellowtrapdooropen", "y": 270 }
    }
}
