{
  "variants": {
    "facing=east,half=bottom,shape=straight":  { "model": "multicoloredblocks:bluestair" },
    "facing=west,half=bottom,shape=straight":  { "model": "multicoloredblocks:bluestair", "y": 180, "uvlock": true },
    "facing=south,half=bottom,shape=straight": { "model": "multicoloredblocks:bluestair", "y": 90, "uvlock": true },
    "facing=north,half=bottom,shape=straight": { "model": "multicoloredblocks:bluestair", "y": 270, "uvlock": true },
    "facing=east,half=bottom,shape=outer_right":  { "model": "multicoloredblocks:bluestairouter" },
    "facing=west,half=bottom,shape=outer_right":  { "model": "multicoloredblocks:bluestairouter", "y": 180, "uvlock": true },
    "facing=south,half=bottom,shape=outer_right": { "model": "multicoloredblocks:bluestairouter", "y": 90, "uvlock": true },
    "facing=north,half=bottom,shape=outer_right": { "model": "multicoloredblocks:bluestairouter", "y": 270, "uvlock": true },
    "facing=east,half=bottom,shape=outer_left":  { "model": "multicoloredblocks:bluestairouter", "y": 270, "uvlock": true },
    "facing=west,half=bottom,shape=outer_left":  { "model": "multicoloredblocks:bluestairouter", "y": 90, "uvlock": true },
    "facing=south,half=bottom,shape=outer_left": { "model": "multicoloredblocks:bluestairouter" },
    "facing=north,half=bottom,shape=outer_left": { "model": "multicoloredblocks:bluestairouter", "y": 180, "uvlock": true },
    "facing=east,half=bottom,shape=inner_right":  { "model": "multicoloredblocks:bluestairinner" },
    "facing=west,half=bottom,shape=inner_right":  { "model": "multicoloredblocks:bluestairinner", "y": 180, "uvlock": true },
    "facing=south,half=bottom,shape=inner_right": { "model": "multicoloredblocks:bluestairinner", "y": 90, "uvlock": true },
    "facing=north,half=bottom,shape=inner_right": { "model": "multicoloredblocks:bluestairinner", "y": 270, "uvlock": true },
    "facing=east,half=bottom,shape=inner_left":  { "model": "multicoloredblocks:bluestairinner", "y": 270, "uvlock": true },
    "facing=west,half=bottom,shape=inner_left":  { "model": "multicoloredblocks:bluestairinner", "y": 90, "uvlock": true },
    "facing=south,half=bottom,shape=inner_left": { "model": "multicoloredblocks:bluestairinner" },
    "facing=north,half=bottom,shape=inner_left": { "model": "multicoloredblocks:bluestairinner", "y": 180, "uvlock": true },
    "facing=east,half=top,shape=straight":  { "model": "multicoloredblocks:bluestair", "x": 180, "uvlock": true },
    "facing=west,half=top,shape=straight":  { "model": "multicoloredblocks:bluestair", "x": 180, "y": 180, "uvlock": true },
    "facing=south,half=top,shape=straight": { "model": "multicoloredblocks:bluestair", "x": 180, "y": 90, "uvlock": true },
    "facing=north,half=top,shape=straight": { "model": "multicoloredblocks:bluestair", "x": 180, "y": 270, "uvlock": true },
    "facing=east,half=top,shape=outer_right":  { "model": "multicoloredblocks:bluestairouter", "x": 180, "y": 90, "uvlock": true },
    "facing=west,half=top,shape=outer_right":  { "model": "multicoloredblocks:bluestairouter", "x": 180, "y": 270, "uvlock": true },
    "facing=south,half=top,shape=outer_right": { "model": "multicoloredblocks:bluestairouter", "x": 180, "y": 180, "uvlock": true },
    "facing=north,half=top,shape=outer_right": { "model": "multicoloredblocks:bluestairouter", "x": 180, "uvlock": true },
    "facing=east,half=top,shape=outer_left":  { "model": "multicoloredblocks:bluestairouter", "x": 180, "uvlock": true },
    "facing=west,half=top,shape=outer_left":  { "model": "multicoloredblocks:bluestairouter", "x": 180, "y": 180, "uvlock": true },
    "facing=south,half=top,shape=outer_left": { "model": "multicoloredblocks:bluestairouter", "x": 180, "y": 90, "uvlock": true },
    "facing=north,half=top,shape=outer_left": { "model": "multicoloredblocks:bluestairouter", "x": 180, "y": 270, "uvlock": true },
    "facing=east,half=top,shape=inner_right":  { "model": "multicoloredblocks:bluestairinner", "x": 180, "y": 90, "uvlock": true },
    "facing=west,half=top,shape=inner_right":  { "model": "multicoloredblocks:bluestairinner", "x": 180, "y": 270, "uvlock": true },
    "facing=south,half=top,shape=inner_right": { "model": "multicoloredblocks:bluestairinner", "x": 180, "y": 180, "uvlock": true },
    "facing=north,half=top,shape=inner_right": { "model": "multicoloredblocks:bluestairinner", "x": 180, "uvlock": true },
    "facing=east,half=top,shape=inner_left":  { "model": "multicoloredblocks:bluestairinner", "x": 180, "uvlock": true },
    "facing=west,half=top,shape=inner_left":  { "model": "multicoloredblocks:bluestairinner", "x": 180, "y": 180, "uvlock": true },
    "facing=south,half=top,shape=inner_left": { "model": "multicoloredblocks:bluestairinner", "x": 180, "y": 90, "uvlock": true },
    "facing=north,half=top,shape=inner_left": { "model": "multicoloredblocks:bluestairinner", "x": 180, "y": 270, "uvlock": true }
  }
}
