{
    "multipart": [
        {   "apply": { "model": "multicoloredblocks:orangeironbarspostends" }},
        {   "when": { "north": false, "east": false, "south": false, "west": false },
            "apply": { "model": "multicoloredblocks:orangeironbarspost" }
        },
        {   "when": { "north": true, "east": false, "south": false, "west": false },
            "apply": { "model": "multicoloredblocks:orangeironbarscap" }
        },
        {   "when": { "north": false, "east": true, "south": false, "west": false },
            "apply": { "model": "multicoloredblocks:orangeironbarscap", "y": 90 }
        },
        {   "when": { "north": false, "east": false, "south": true, "west": false },
            "apply": { "model": "multicoloredblocks:orangeironbarscapalt" }
        },
        {   "when": { "north": false, "east": false, "south": false, "west": true },
            "apply": { "model": "multicoloredblocks:orangeironbarscapalt", "y": 90 }
        },
        {   "when": { "north": true },
            "apply": { "model": "multicoloredblocks:orangeironbarsside" }
        },
        {   "when": { "east": true },
            "apply": { "model": "multicoloredblocks:orangeironbarsside", "y": 90 }
        },
        {   "when": { "south": true },
            "apply": { "model": "multicoloredblocks:orangeironbarssidealt" }
        },
        {   "when": { "west": true },
            "apply": { "model": "multicoloredblocks:orangeironbarssidealt", "y": 90 }
        }
    ]
}
