{
    "variants": {
        "facing=north,half=bottom,open=false": { "model": "multicoloredblocks:purpletrapdoorbottom" },
        "facing=south,half=bottom,open=false": { "model": "multicoloredblocks:purpletrapdoorbottom" },
        "facing=east,half=bottom,open=false": { "model": "multicoloredblocks:purpletrapdoorbottom" },
        "facing=west,half=bottom,open=false": { "model": "multicoloredblocks:purpletrapdoorbottom" },
        "facing=north,half=top,open=false": { "model": "multicoloredblocks:purpletrapdoortop" },
        "facing=south,half=top,open=false": { "model": "multicoloredblocks:purpletrapdoortop" },
        "facing=east,half=top,open=false": { "model": "multicoloredblocks:purpletrapdoortop" },
        "facing=west,half=top,open=false": { "model": "multicoloredblocks:purpletrapdoortop" },
        "facing=north,half=bottom,open=true": { "model": "multicoloredblocks:purpletrapdooropen" },
        "facing=south,half=bottom,open=true": { "model": "multicoloredblocks:purpletrapdooropen", "y": 180 },
        "facing=east,half=bottom,open=true": { "model": "multicoloredblocks:purpletrapdooropen", "y": 90 },
        "facing=west,half=bottom,open=true": { "model": "multicoloredblocks:purpletrapdooropen", "y": 270 },
        "facing=north,half=top,open=true": { "model": "multicoloredblocks:purpletrapdooropen" },
        "facing=south,half=top,open=true": { "model": "multicoloredblocks:purpletrapdooropen", "y": 180 },
        "facing=east,half=top,open=true": { "model": "multicoloredblocks:purpletrapdooropen", "y": 90 },
        "facing=west,half=top,open=true": { "model": "multicoloredblocks:purpletrapdooropen", "y": 270 }
    }
}
