{
    "variants": {
        "facing=north,half=bottom,open=false": { "model": "multicoloredblocks:redtrapdoorbottom" },
        "facing=south,half=bottom,open=false": { "model": "multicoloredblocks:redtrapdoorbottom" },
        "facing=east,half=bottom,open=false": { "model": "multicoloredblocks:redtrapdoorbottom" },
        "facing=west,half=bottom,open=false": { "model": "multicoloredblocks:redtrapdoorbottom" },
        "facing=north,half=top,open=false": { "model": "multicoloredblocks:redtrapdoortop" },
        "facing=south,half=top,open=false": { "model": "multicoloredblocks:redtrapdoortop" },
        "facing=east,half=top,open=false": { "model": "multicoloredblocks:redtrapdoortop" },
        "facing=west,half=top,open=false": { "model": "multicoloredblocks:redtrapdoortop" },
        "facing=north,half=bottom,open=true": { "model": "multicoloredblocks:redtrapdooropen" },
        "facing=south,half=bottom,open=true": { "model": "multicoloredblocks:redtrapdooropen", "y": 180 },
        "facing=east,half=bottom,open=true": { "model": "multicoloredblocks:redtrapdooropen", "y": 90 },
        "facing=west,half=bottom,open=true": { "model": "multicoloredblocks:redtrapdooropen", "y": 270 },
        "facing=north,half=top,open=true": { "model": "multicoloredblocks:redtrapdooropen" },
        "facing=south,half=top,open=true": { "model": "multicoloredblocks:redtrapdooropen", "y": 180 },
        "facing=east,half=top,open=true": { "model": "multicoloredblocks:redtrapdooropen", "y": 90 },
        "facing=west,half=top,open=true": { "model": "multicoloredblocks:redtrapdooropen", "y": 270 }
    }
}
