{
    "multipart": [
        {   "apply": { "model": "multicoloredblocks:greenironbarspostends" }},
        {   "when": { "north": false, "east": false, "south": false, "west": false },
            "apply": { "model": "multicoloredblocks:greenironbarspost" }
        },
        {   "when": { "north": true, "east": false, "south": false, "west": false },
            "apply": { "model": "multicoloredblocks:greenironbarscap" }
        },
        {   "when": { "north": false, "east": true, "south": false, "west": false },
            "apply": { "model": "multicoloredblocks:greenironbarscap", "y": 90 }
        },
        {   "when": { "north": false, "east": false, "south": true, "west": false },
            "apply": { "model": "multicoloredblocks:greenironbarscapalt" }
        },
        {   "when": { "north": false, "east": false, "south": false, "west": true },
            "apply": { "model": "multicoloredblocks:greenironbarscapalt", "y": 90 }
        },
        {   "when": { "north": true },
            "apply": { "model": "multicoloredblocks:greenironbarsside" }
        },
        {   "when": { "east": true },
            "apply": { "model": "multicoloredblocks:greenironbarsside", "y": 90 }
        },
        {   "when": { "south": true },
            "apply": { "model": "multicoloredblocks:greenironbarssidealt" }
        },
        {   "when": { "west": true },
            "apply": { "model": "multicoloredblocks:greenironbarssidealt", "y": 90 }
        }
    ]
}
