{
  "variants": {
    "facing=east,half=bottom,shape=straight":  { "model": "multicoloredblocks:purplestair" },
    "facing=west,half=bottom,shape=straight":  { "model": "multicoloredblocks:purplestair", "y": 180, "uvlock": true },
    "facing=south,half=bottom,shape=straight": { "model": "multicoloredblocks:purplestair", "y": 90, "uvlock": true },
    "facing=north,half=bottom,shape=straight": { "model": "multicoloredblocks:purplestair", "y": 270, "uvlock": true },
    "facing=east,half=bottom,shape=outer_right":  { "model": "multicoloredblocks:purplestairouter" },
    "facing=west,half=bottom,shape=outer_right":  { "model": "multicoloredblocks:purplestairouter", "y": 180, "uvlock": true },
    "facing=south,half=bottom,shape=outer_right": { "model": "multicoloredblocks:purplestairouter", "y": 90, "uvlock": true },
    "facing=north,half=bottom,shape=outer_right": { "model": "multicoloredblocks:purplestairouter", "y": 270, "uvlock": true },
    "facing=east,half=bottom,shape=outer_left":  { "model": "multicoloredblocks:purplestairouter", "y": 270, "uvlock": true },
    "facing=west,half=bottom,shape=outer_left":  { "model": "multicoloredblocks:purplestairouter", "y": 90, "uvlock": true },
    "facing=south,half=bottom,shape=outer_left": { "model": "multicoloredblocks:purplestairouter" },
    "facing=north,half=bottom,shape=outer_left": { "model": "multicoloredblocks:purplestairouter", "y": 180, "uvlock": true },
    "facing=east,half=bottom,shape=inner_right":  { "model": "multicoloredblocks:purplestairinner" },
    "facing=west,half=bottom,shape=inner_right":  { "model": "multicoloredblocks:purplestairinner", "y": 180, "uvlock": true },
    "facing=south,half=bottom,shape=inner_right": { "model": "multicoloredblocks:purplestairinner", "y": 90, "uvlock": true },
    "facing=north,half=bottom,shape=inner_right": { "model": "multicoloredblocks:purplestairinner", "y": 270, "uvlock": true },
    "facing=east,half=bottom,shape=inner_left":  { "model": "multicoloredblocks:purplestairinner", "y": 270, "uvlock": true },
    "facing=west,half=bottom,shape=inner_left":  { "model": "multicoloredblocks:purplestairinner", "y": 90, "uvlock": true },
    "facing=south,half=bottom,shape=inner_left": { "model": "multicoloredblocks:purplestairinner" },
    "facing=north,half=bottom,shape=inner_left": { "model": "multicoloredblocks:purplestairinner", "y": 180, "uvlock": true },
    "facing=east,half=top,shape=straight":  { "model": "multicoloredblocks:purplestair", "x": 180, "uvlock": true },
    "facing=west,half=top,shape=straight":  { "model": "multicoloredblocks:purplestair", "x": 180, "y": 180, "uvlock": true },
    "facing=south,half=top,shape=straight": { "model": "multicoloredblocks:purplestair", "x": 180, "y": 90, "uvlock": true },
    "facing=north,half=top,shape=straight": { "model": "multicoloredblocks:purplestair", "x": 180, "y": 270, "uvlock": true },
    "facing=east,half=top,shape=outer_right":  { "model": "multicoloredblocks:purplestairouter", "x": 180, "y": 90, "uvlock": true },
    "facing=west,half=top,shape=outer_right":  { "model": "multicoloredblocks:purplestairouter", "x": 180, "y": 270, "uvlock": true },
    "facing=south,half=top,shape=outer_right": { "model": "multicoloredblocks:purplestairouter", "x": 180, "y": 180, "uvlock": true },
    "facing=north,half=top,shape=outer_right": { "model": "multicoloredblocks:purplestairouter", "x": 180, "uvlock": true },
    "facing=east,half=top,shape=outer_left":  { "model": "multicoloredblocks:purplestairouter", "x": 180, "uvlock": true },
    "facing=west,half=top,shape=outer_left":  { "model": "multicoloredblocks:purplestairouter", "x": 180, "y": 180, "uvlock": true },
    "facing=south,half=top,shape=outer_left": { "model": "multicoloredblocks:purplestairouter", "x": 180, "y": 90, "uvlock": true },
    "facing=north,half=top,shape=outer_left": { "model": "multicoloredblocks:purplestairouter", "x": 180, "y": 270, "uvlock": true },
    "facing=east,half=top,shape=inner_right":  { "model": "multicoloredblocks:purplestairinner", "x": 180, "y": 90, "uvlock": true },
    "facing=west,half=top,shape=inner_right":  { "model": "multicoloredblocks:purplestairinner", "x": 180, "y": 270, "uvlock": true },
    "facing=south,half=top,shape=inner_right": { "model": "multicoloredblocks:purplestairinner", "x": 180, "y": 180, "uvlock": true },
    "facing=north,half=top,shape=inner_right": { "model": "multicoloredblocks:purplestairinner", "x": 180, "uvlock": true },
    "facing=east,half=top,shape=inner_left":  { "model": "multicoloredblocks:purplestairinner", "x": 180, "uvlock": true },
    "facing=west,half=top,shape=inner_left":  { "model": "multicoloredblocks:purplestairinner", "x": 180, "y": 180, "uvlock": true },
    "facing=south,half=top,shape=inner_left": { "model": "multicoloredblocks:purplestairinner", "x": 180, "y": 90, "uvlock": true },
    "facing=north,half=top,shape=inner_left": { "model": "multicoloredblocks:purplestairinner", "x": 180, "y": 270, "uvlock": true }
  }
}
