{
    "variants":
    {
        "facing=east,half=lower,hinge=left,open=false,powered=true":  { "model": "multicoloredblocks:reddoorbottom" },
        "facing=south,half=lower,hinge=left,open=false,powered=true": { "model": "multicoloredblocks:reddoorbottom", "y": 90 },
        "facing=west,half=lower,hinge=left,open=false,powered=true":  { "model": "multicoloredblocks:reddoorbottom", "y": 180 },
        "facing=north,half=lower,hinge=left,open=false,powered=true": { "model": "multicoloredblocks:reddoorbottom", "y": 270 },
        "facing=east,half=lower,hinge=right,open=false,powered=true":  { "model": "multicoloredblocks:reddoorbottomrh" },
        "facing=south,half=lower,hinge=right,open=false,powered=true": { "model": "multicoloredblocks:reddoorbottomrh", "y": 90 },
        "facing=west,half=lower,hinge=right,open=false,powered=true":  { "model": "multicoloredblocks:reddoorbottomrh", "y": 180 },
        "facing=north,half=lower,hinge=right,open=false,powered=true": { "model": "multicoloredblocks:reddoorbottomrh", "y": 270 },
        "facing=east,half=lower,hinge=left,open=true,powered=true":  { "model": "multicoloredblocks:reddoorbottomrh", "y": 90 },
        "facing=south,half=lower,hinge=left,open=true,powered=true": { "model": "multicoloredblocks:reddoorbottomrh", "y": 180 },
        "facing=west,half=lower,hinge=left,open=true,powered=true":  { "model": "multicoloredblocks:reddoorbottomrh", "y": 270 },
        "facing=north,half=lower,hinge=left,open=true,powered=true": { "model": "multicoloredblocks:reddoorbottomrh" },
        "facing=east,half=lower,hinge=right,open=true,powered=true":  { "model": "multicoloredblocks:reddoorbottom", "y": 270 },
        "facing=south,half=lower,hinge=right,open=true,powered=true": { "model": "multicoloredblocks:reddoorbottom" },
        "facing=west,half=lower,hinge=right,open=true,powered=true":  { "model": "multicoloredblocks:reddoorbottom", "y": 90 },
        "facing=north,half=lower,hinge=right,open=true,powered=true": { "model": "multicoloredblocks:reddoorbottom", "y": 180 },
        "facing=east,half=upper,hinge=left,open=false,powered=true":  { "model": "multicoloredblocks:reddoortop" },
        "facing=south,half=upper,hinge=left,open=false,powered=true": { "model": "multicoloredblocks:reddoortop", "y": 90 },
        "facing=west,half=upper,hinge=left,open=false,powered=true":  { "model": "multicoloredblocks:reddoortop", "y": 180 },
        "facing=north,half=upper,hinge=left,open=false,powered=true": { "model": "multicoloredblocks:reddoortop", "y": 270 },
        "facing=east,half=upper,hinge=right,open=false,powered=true":  { "model": "multicoloredblocks:reddoortoprh" },
        "facing=south,half=upper,hinge=right,open=false,powered=true": { "model": "multicoloredblocks:reddoortoprh", "y": 90 },
        "facing=west,half=upper,hinge=right,open=false,powered=true":  { "model": "multicoloredblocks:reddoortoprh", "y": 180 },
        "facing=north,half=upper,hinge=right,open=false,powered=true": { "model": "multicoloredblocks:reddoortoprh", "y": 270 },
        "facing=east,half=upper,hinge=left,open=true,powered=true":  { "model": "multicoloredblocks:reddoortoprh", "y": 90 },
        "facing=south,half=upper,hinge=left,open=true,powered=true": { "model": "multicoloredblocks:reddoortoprh", "y": 180 },
        "facing=west,half=upper,hinge=left,open=true,powered=true":  { "model": "multicoloredblocks:reddoortoprh", "y": 270 },
        "facing=north,half=upper,hinge=left,open=true,powered=true": { "model": "multicoloredblocks:reddoortoprh" },
        "facing=east,half=upper,hinge=right,open=true,powered=true":  { "model": "multicoloredblocks:reddoortop", "y": 270 },
        "facing=south,half=upper,hinge=right,open=true,powered=true": { "model": "multicoloredblocks:reddoortop" },
        "facing=west,half=upper,hinge=right,open=true,powered=true":  { "model": "multicoloredblocks:reddoortop", "y": 90 },
        "facing=north,half=upper,hinge=right,open=true,powered=true": { "model": "multicoloredblocks:reddoortop", "y": 180 },
        "facing=east,half=lower,hinge=left,open=false,powered=false":  { "model": "multicoloredblocks:reddoorbottom" },
        "facing=south,half=lower,hinge=left,open=false,powered=false": { "model": "multicoloredblocks:reddoorbottom", "y": 90 },
        "facing=west,half=lower,hinge=left,open=false,powered=false":  { "model": "multicoloredblocks:reddoorbottom", "y": 180 },
        "facing=north,half=lower,hinge=left,open=false,powered=false": { "model": "multicoloredblocks:reddoorbottom", "y": 270 },
        "facing=east,half=lower,hinge=right,open=false,powered=false":  { "model": "multicoloredblocks:reddoorbottomrh" },
        "facing=south,half=lower,hinge=right,open=false,powered=false": { "model": "multicoloredblocks:reddoorbottomrh", "y": 90 },
        "facing=west,half=lower,hinge=right,open=false,powered=false":  { "model": "multicoloredblocks:reddoorbottomrh", "y": 180 },
        "facing=north,half=lower,hinge=right,open=false,powered=false": { "model": "multicoloredblocks:reddoorbottomrh", "y": 270 },
        "facing=east,half=lower,hinge=left,open=true,powered=false":  { "model": "multicoloredblocks:reddoorbottomrh", "y": 90 },
        "facing=south,half=lower,hinge=left,open=true,powered=false": { "model": "multicoloredblocks:reddoorbottomrh", "y": 180 },
        "facing=west,half=lower,hinge=left,open=true,powered=false":  { "model": "multicoloredblocks:reddoorbottomrh", "y": 270 },
        "facing=north,half=lower,hinge=left,open=true,powered=false": { "model": "multicoloredblocks:reddoorbottomrh" },
        "facing=east,half=lower,hinge=right,open=true,powered=false":  { "model": "multicoloredblocks:reddoorbottom", "y": 270 },
        "facing=south,half=lower,hinge=right,open=true,powered=false": { "model": "multicoloredblocks:reddoorbottom" },
        "facing=west,half=lower,hinge=right,open=true,powered=false":  { "model": "multicoloredblocks:reddoorbottom", "y": 90 },
        "facing=north,half=lower,hinge=right,open=true,powered=false": { "model": "multicoloredblocks:reddoorbottom", "y": 180 },
        "facing=east,half=upper,hinge=left,open=false,powered=false":  { "model": "multicoloredblocks:reddoortop" },
        "facing=south,half=upper,hinge=left,open=false,powered=false": { "model": "multicoloredblocks:reddoortop", "y": 90 },
        "facing=west,half=upper,hinge=left,open=false,powered=false":  { "model": "multicoloredblocks:reddoortop", "y": 180 },
        "facing=north,half=upper,hinge=left,open=false,powered=false": { "model": "multicoloredblocks:reddoortop", "y": 270 },
        "facing=east,half=upper,hinge=right,open=false,powered=false":  { "model": "multicoloredblocks:reddoortoprh" },
        "facing=south,half=upper,hinge=right,open=false,powered=false": { "model": "multicoloredblocks:reddoortoprh", "y": 90 },
        "facing=west,half=upper,hinge=right,open=false,powered=false":  { "model": "multicoloredblocks:reddoortoprh", "y": 180 },
        "facing=north,half=upper,hinge=right,open=false,powered=false": { "model": "multicoloredblocks:reddoortoprh", "y": 270 },
        "facing=east,half=upper,hinge=left,open=true,powered=false":  { "model": "multicoloredblocks:reddoortoprh", "y": 90 },
        "facing=south,half=upper,hinge=left,open=true,powered=false": { "model": "multicoloredblocks:reddoortoprh", "y": 180 },
        "facing=west,half=upper,hinge=left,open=true,powered=false":  { "model": "multicoloredblocks:reddoortoprh", "y": 270 },
        "facing=north,half=upper,hinge=left,open=true,powered=false": { "model": "multicoloredblocks:reddoortoprh" },
        "facing=east,half=upper,hinge=right,open=true,powered=false":  { "model": "multicoloredblocks:reddoortop", "y": 270 },
        "facing=south,half=upper,hinge=right,open=true,powered=false": { "model": "multicoloredblocks:reddoortop" },
        "facing=west,half=upper,hinge=right,open=true,powered=false":  { "model": "multicoloredblocks:reddoortop", "y": 90 },
        "facing=north,half=upper,hinge=right,open=true,powered=false": { "model": "multicoloredblocks:reddoortop", "y": 180 }
    }
}
