{
  "variants": {
    "facing=east,half=bottom,shape=straight":  { "model": "multicoloredblocks:redstair" },
    "facing=west,half=bottom,shape=straight":  { "model": "multicoloredblocks:redstair", "y": 180, "uvlock": true },
    "facing=south,half=bottom,shape=straight": { "model": "multicoloredblocks:redstair", "y": 90, "uvlock": true },
    "facing=north,half=bottom,shape=straight": { "model": "multicoloredblocks:redstair", "y": 270, "uvlock": true },
    "facing=east,half=bottom,shape=outer_right":  { "model": "multicoloredblocks:redstairouter" },
    "facing=west,half=bottom,shape=outer_right":  { "model": "multicoloredblocks:redstairouter", "y": 180, "uvlock": true },
    "facing=south,half=bottom,shape=outer_right": { "model": "multicoloredblocks:redstairouter", "y": 90, "uvlock": true },
    "facing=north,half=bottom,shape=outer_right": { "model": "multicoloredblocks:redstairouter", "y": 270, "uvlock": true },
    "facing=east,half=bottom,shape=outer_left":  { "model": "multicoloredblocks:redstairouter", "y": 270, "uvlock": true },
    "facing=west,half=bottom,shape=outer_left":  { "model": "multicoloredblocks:redstairouter", "y": 90, "uvlock": true },
    "facing=south,half=bottom,shape=outer_left": { "model": "multicoloredblocks:redstairouter" },
    "facing=north,half=bottom,shape=outer_left": { "model": "multicoloredblocks:redstairouter", "y": 180, "uvlock": true },
    "facing=east,half=bottom,shape=inner_right":  { "model": "multicoloredblocks:redstairinner" },
    "facing=west,half=bottom,shape=inner_right":  { "model": "multicoloredblocks:redstairinner", "y": 180, "uvlock": true },
    "facing=south,half=bottom,shape=inner_right": { "model": "multicoloredblocks:redstairinner", "y": 90, "uvlock": true },
    "facing=north,half=bottom,shape=inner_right": { "model": "multicoloredblocks:redstairinner", "y": 270, "uvlock": true },
    "facing=east,half=bottom,shape=inner_left":  { "model": "multicoloredblocks:redstairinner", "y": 270, "uvlock": true },
    "facing=west,half=bottom,shape=inner_left":  { "model": "multicoloredblocks:redstairinner", "y": 90, "uvlock": true },
    "facing=south,half=bottom,shape=inner_left": { "model": "multicoloredblocks:redstairinner" },
    "facing=north,half=bottom,shape=inner_left": { "model": "multicoloredblocks:redstairinner", "y": 180, "uvlock": true },
    "facing=east,half=top,shape=straight":  { "model": "multicoloredblocks:redstair", "x": 180, "uvlock": true },
    "facing=west,half=top,shape=straight":  { "model": "multicoloredblocks:redstair", "x": 180, "y": 180, "uvlock": true },
    "facing=south,half=top,shape=straight": { "model": "multicoloredblocks:redstair", "x": 180, "y": 90, "uvlock": true },
    "facing=north,half=top,shape=straight": { "model": "multicoloredblocks:redstair", "x": 180, "y": 270, "uvlock": true },
    "facing=east,half=top,shape=outer_right":  { "model": "multicoloredblocks:redstairouter", "x": 180, "y": 90, "uvlock": true },
    "facing=west,half=top,shape=outer_right":  { "model": "multicoloredblocks:redstairouter", "x": 180, "y": 270, "uvlock": true },
    "facing=south,half=top,shape=outer_right": { "model": "multicoloredblocks:redstairouter", "x": 180, "y": 180, "uvlock": true },
    "facing=north,half=top,shape=outer_right": { "model": "multicoloredblocks:redstairouter", "x": 180, "uvlock": true },
    "facing=east,half=top,shape=outer_left":  { "model": "multicoloredblocks:redstairouter", "x": 180, "uvlock": true },
    "facing=west,half=top,shape=outer_left":  { "model": "multicoloredblocks:redstairouter", "x": 180, "y": 180, "uvlock": true },
    "facing=south,half=top,shape=outer_left": { "model": "multicoloredblocks:redstairouter", "x": 180, "y": 90, "uvlock": true },
    "facing=north,half=top,shape=outer_left": { "model": "multicoloredblocks:redstairouter", "x": 180, "y": 270, "uvlock": true },
    "facing=east,half=top,shape=inner_right":  { "model": "multicoloredblocks:redstairinner", "x": 180, "y": 90, "uvlock": true },
    "facing=west,half=top,shape=inner_right":  { "model": "multicoloredblocks:redstairinner", "x": 180, "y": 270, "uvlock": true },
    "facing=south,half=top,shape=inner_right": { "model": "multicoloredblocks:redstairinner", "x": 180, "y": 180, "uvlock": true },
    "facing=north,half=top,shape=inner_right": { "model": "multicoloredblocks:redstairinner", "x": 180, "uvlock": true },
    "facing=east,half=top,shape=inner_left":  { "model": "multicoloredblocks:redstairinner", "x": 180, "uvlock": true },
    "facing=west,half=top,shape=inner_left":  { "model": "multicoloredblocks:redstairinner", "x": 180, "y": 180, "uvlock": true },
    "facing=south,half=top,shape=inner_left": { "model": "multicoloredblocks:redstairinner", "x": 180, "y": 90, "uvlock": true },
    "facing=north,half=top,shape=inner_left": { "model": "multicoloredblocks:redstairinner", "x": 180, "y": 270, "uvlock": true }
  }
}
