{
    "variants":
    {
        "facing=east,half=lower,hinge=left,open=false,powered=true":  { "model": "multicoloredblocks:yellowdoorbottom" },
        "facing=south,half=lower,hinge=left,open=false,powered=true": { "model": "multicoloredblocks:yellowdoorbottom", "y": 90 },
        "facing=west,half=lower,hinge=left,open=false,powered=true":  { "model": "multicoloredblocks:yellowdoorbottom", "y": 180 },
        "facing=north,half=lower,hinge=left,open=false,powered=true": { "model": "multicoloredblocks:yellowdoorbottom", "y": 270 },
        "facing=east,half=lower,hinge=right,open=false,powered=true":  { "model": "multicoloredblocks:yellowdoorbottomrh" },
        "facing=south,half=lower,hinge=right,open=false,powered=true": { "model": "multicoloredblocks:yellowdoorbottomrh", "y": 90 },
        "facing=west,half=lower,hinge=right,open=false,powered=true":  { "model": "multicoloredblocks:yellowdoorbottomrh", "y": 180 },
        "facing=north,half=lower,hinge=right,open=false,powered=true": { "model": "multicoloredblocks:yellowdoorbottomrh", "y": 270 },
        "facing=east,half=lower,hinge=left,open=true,powered=true":  { "model": "multicoloredblocks:yellowdoorbottomrh", "y": 90 },
        "facing=south,half=lower,hinge=left,open=true,powered=true": { "model": "multicoloredblocks:yellowdoorbottomrh", "y": 180 },
        "facing=west,half=lower,hinge=left,open=true,powered=true":  { "model": "multicoloredblocks:yellowdoorbottomrh", "y": 270 },
        "facing=north,half=lower,hinge=left,open=true,powered=true": { "model": "multicoloredblocks:yellowdoorbottomrh" },
        "facing=east,half=lower,hinge=right,open=true,powered=true":  { "model": "multicoloredblocks:yellowdoorbottom", "y": 270 },
        "facing=south,half=lower,hinge=right,open=true,powered=true": { "model": "multicoloredblocks:yellowdoorbottom" },
        "facing=west,half=lower,hinge=right,open=true,powered=true":  { "model": "multicoloredblocks:yellowdoorbottom", "y": 90 },
        "facing=north,half=lower,hinge=right,open=true,powered=true": { "model": "multicoloredblocks:yellowdoorbottom", "y": 180 },
        "facing=east,half=upper,hinge=left,open=false,powered=true":  { "model": "multicoloredblocks:yellowdoortop" },
        "facing=south,half=upper,hinge=left,open=false,powered=true": { "model": "multicoloredblocks:yellowdoortop", "y": 90 },
        "facing=west,half=upper,hinge=left,open=false,powered=true":  { "model": "multicoloredblocks:yellowdoortop", "y": 180 },
        "facing=north,half=upper,hinge=left,open=false,powered=true": { "model": "multicoloredblocks:yellowdoortop", "y": 270 },
        "facing=east,half=upper,hinge=right,open=false,powered=true":  { "model": "multicoloredblocks:yellowdoortoprh" },
        "facing=south,half=upper,hinge=right,open=false,powered=true": { "model": "multicoloredblocks:yellowdoortoprh", "y": 90 },
        "facing=west,half=upper,hinge=right,open=false,powered=true":  { "model": "multicoloredblocks:yellowdoortoprh", "y": 180 },
        "facing=north,half=upper,hinge=right,open=false,powered=true": { "model": "multicoloredblocks:yellowdoortoprh", "y": 270 },
        "facing=east,half=upper,hinge=left,open=true,powered=true":  { "model": "multicoloredblocks:yellowdoortoprh", "y": 90 },
        "facing=south,half=upper,hinge=left,open=true,powered=true": { "model": "multicoloredblocks:yellowdoortoprh", "y": 180 },
        "facing=west,half=upper,hinge=left,open=true,powered=true":  { "model": "multicoloredblocks:yellowdoortoprh", "y": 270 },
        "facing=north,half=upper,hinge=left,open=true,powered=true": { "model": "multicoloredblocks:yellowdoortoprh" },
        "facing=east,half=upper,hinge=right,open=true,powered=true":  { "model": "multicoloredblocks:yellowdoortop", "y": 270 },
        "facing=south,half=upper,hinge=right,open=true,powered=true": { "model": "multicoloredblocks:yellowdoortop" },
        "facing=west,half=upper,hinge=right,open=true,powered=true":  { "model": "multicoloredblocks:yellowdoortop", "y": 90 },
        "facing=north,half=upper,hinge=right,open=true,powered=true": { "model": "multicoloredblocks:yellowdoortop", "y": 180 },
        "facing=east,half=lower,hinge=left,open=false,powered=false":  { "model": "multicoloredblocks:yellowdoorbottom" },
        "facing=south,half=lower,hinge=left,open=false,powered=false": { "model": "multicoloredblocks:yellowdoorbottom", "y": 90 },
        "facing=west,half=lower,hinge=left,open=false,powered=false":  { "model": "multicoloredblocks:yellowdoorbottom", "y": 180 },
        "facing=north,half=lower,hinge=left,open=false,powered=false": { "model": "multicoloredblocks:yellowdoorbottom", "y": 270 },
        "facing=east,half=lower,hinge=right,open=false,powered=false":  { "model": "multicoloredblocks:yellowdoorbottomrh" },
        "facing=south,half=lower,hinge=right,open=false,powered=false": { "model": "multicoloredblocks:yellowdoorbottomrh", "y": 90 },
        "facing=west,half=lower,hinge=right,open=false,powered=false":  { "model": "multicoloredblocks:yellowdoorbottomrh", "y": 180 },
        "facing=north,half=lower,hinge=right,open=false,powered=false": { "model": "multicoloredblocks:yellowdoorbottomrh", "y": 270 },
        "facing=east,half=lower,hinge=left,open=true,powered=false":  { "model": "multicoloredblocks:yellowdoorbottomrh", "y": 90 },
        "facing=south,half=lower,hinge=left,open=true,powered=false": { "model": "multicoloredblocks:yellowdoorbottomrh", "y": 180 },
        "facing=west,half=lower,hinge=left,open=true,powered=false":  { "model": "multicoloredblocks:yellowdoorbottomrh", "y": 270 },
        "facing=north,half=lower,hinge=left,open=true,powered=false": { "model": "multicoloredblocks:yellowdoorbottomrh" },
        "facing=east,half=lower,hinge=right,open=true,powered=false":  { "model": "multicoloredblocks:yellowdoorbottom", "y": 270 },
        "facing=south,half=lower,hinge=right,open=true,powered=false": { "model": "multicoloredblocks:yellowdoorbottom" },
        "facing=west,half=lower,hinge=right,open=true,powered=false":  { "model": "multicoloredblocks:yellowdoorbottom", "y": 90 },
        "facing=north,half=lower,hinge=right,open=true,powered=false": { "model": "multicoloredblocks:yellowdoorbottom", "y": 180 },
        "facing=east,half=upper,hinge=left,open=false,powered=false":  { "model": "multicoloredblocks:yellowdoortop" },
        "facing=south,half=upper,hinge=left,open=false,powered=false": { "model": "multicoloredblocks:yellowdoortop", "y": 90 },
        "facing=west,half=upper,hinge=left,open=false,powered=false":  { "model": "multicoloredblocks:yellowdoortop", "y": 180 },
        "facing=north,half=upper,hinge=left,open=false,powered=false": { "model": "multicoloredblocks:yellowdoortop", "y": 270 },
        "facing=east,half=upper,hinge=right,open=false,powered=false":  { "model": "multicoloredblocks:yellowdoortoprh" },
        "facing=south,half=upper,hinge=right,open=false,powered=false": { "model": "multicoloredblocks:yellowdoortoprh", "y": 90 },
        "facing=west,half=upper,hinge=right,open=false,powered=false":  { "model": "multicoloredblocks:yellowdoortoprh", "y": 180 },
        "facing=north,half=upper,hinge=right,open=false,powered=false": { "model": "multicoloredblocks:yellowdoortoprh", "y": 270 },
        "facing=east,half=upper,hinge=left,open=true,powered=false":  { "model": "multicoloredblocks:yellowdoortoprh", "y": 90 },
        "facing=south,half=upper,hinge=left,open=true,powered=false": { "model": "multicoloredblocks:yellowdoortoprh", "y": 180 },
        "facing=west,half=upper,hinge=left,open=true,powered=false":  { "model": "multicoloredblocks:yellowdoortoprh", "y": 270 },
        "facing=north,half=upper,hinge=left,open=true,powered=false": { "model": "multicoloredblocks:yellowdoortoprh" },
        "facing=east,half=upper,hinge=right,open=true,powered=false":  { "model": "multicoloredblocks:yellowdoortop", "y": 270 },
        "facing=south,half=upper,hinge=right,open=true,powered=false": { "model": "multicoloredblocks:yellowdoortop" },
        "facing=west,half=upper,hinge=right,open=true,powered=false":  { "model": "multicoloredblocks:yellowdoortop", "y": 90 },
        "facing=north,half=upper,hinge=right,open=true,powered=false": { "model": "multicoloredblocks:yellowdoortop", "y": 180 }
    }
}
