{
    "multipart": [
        {   "apply": { "model": "multicoloredblocks:yellowironbarspostends" }},
        {   "when": { "north": false, "east": false, "south": false, "west": false },
            "apply": { "model": "multicoloredblocks:yellowironbarspost" }
        },
        {   "when": { "north": true, "east": false, "south": false, "west": false },
            "apply": { "model": "multicoloredblocks:yellowironbarscap" }
        },
        {   "when": { "north": false, "east": true, "south": false, "west": false },
            "apply": { "model": "multicoloredblocks:yellowironbarscap", "y": 90 }
        },
        {   "when": { "north": false, "east": false, "south": true, "west": false },
            "apply": { "model": "multicoloredblocks:yellowironbarscapalt" }
        },
        {   "when": { "north": false, "east": false, "south": false, "west": true },
            "apply": { "model": "multicoloredblocks:yellowironbarscapalt", "y": 90 }
        },
        {   "when": { "north": true },
            "apply": { "model": "multicoloredblocks:yellowironbarsside" }
        },
        {   "when": { "east": true },
            "apply": { "model": "multicoloredblocks:yellowironbarsside", "y": 90 }
        },
        {   "when": { "south": true },
            "apply": { "model": "multicoloredblocks:yellowironbarssidealt" }
        },
        {   "when": { "west": true },
            "apply": { "model": "multicoloredblocks:blueironbarssidealt", "y": 90 }
        }
    ]
}
